{"cameraMode":{"drawMode":0,"name":"Shaded","section":"Shading Mode"},"sceneLighting":true,"audioPlay":false,"sceneViewState":{"showFog":true,"showMaterialUpdate":false,"showSkybox":true,"showFlares":true,"showImageEffects":true,"showParticleSystems":true},"in2DMode":false,"pivot":{"x":0.2029999941587448,"y":0.02940104901790619,"z":0.028995439410209657},"rotation":{"x":-0.139084592461586,"y":0.6675493121147156,"z":-0.12893807888031007,"w":-0.7200229167938232},"size":2.0866239070892336,"orthographic":false}