{"cameraMode":{"drawMode":0,"name":"Shaded","section":"Shading Mode"},"sceneLighting":true,"audioPlay":false,"sceneViewState":{"showFog":true,"showMaterialUpdate":false,"showSkybox":true,"showFlares":true,"showImageEffects":true,"showParticleSystems":true},"in2DMode":false,"pivot":{"x":0.2799043357372284,"y":-0.9418752193450928,"z":-3.997548818588257},"rotation":{"x":-0.0013360392767935992,"y":-0.9963634014129639,"z":0.08420291543006897,"w":-0.015837740153074266},"size":4.295318126678467,"orthographic":false}