{"cameraMode":{"drawMode":0,"name":"Shaded","section":"Shading Mode"},"sceneLighting":false,"audioPlay":false,"sceneViewState":{"showFog":true,"showMaterialUpdate":false,"showSkybox":false,"showFlares":true,"showImageEffects":true,"showParticleSystems":true},"in2DMode":false,"pivot":{"x":0.0,"y":0.011401057243347168,"z":0.028995439410209657},"rotation":{"x":0.03964867815375328,"y":-0.9560307860374451,"z":0.15360702574253083,"w":0.24677014350891114},"size":2.0866239070892336,"orthographic":false}